Date,Orders,UTR SKU,Basket SKU,%FR,%VFR,%Order Lost,%OL>5',%VL,DT,%Replacement Rate,Not Found Rate,%Item Not delivered,%Inaccuracy,%Close Time,%Seamless Orders,Rating,CVR3,EPT,%OOSFR,Basket ITEM,%Picking Late,%Order Late > 10,%Replacement Sent,total_orders,Picking Time,WOT,%Forced Pre Orders,%Pre Orders,%Partial Orders,Starting Time
16 jul 2026,28,2.734334541688244,4.701785714285714,0,0,-,0.2,0.14285714285714285,43.844166666666666,0,0.045454545454545456,0.0761904761904762,-,-,0.42857142857142855,4.75,0.0762711864406779,19.4,0,6.666071428571428,0,0.2,0,28,5.124561403508772,1.0000000000000002,-,-,0,0.2692982456140351
15 jul 2026,26,5.237603305785124,5.819696969696969,0.07142857142857142,0,0.07142857142857142,0.23076923076923078,0.23076923076923078,46.76794871794872,0.4,0.048484848484848485,0.017391304347826087,-,-,0.5714285714285714,4.6,0.1336405529953917,21.714285714285715,0,8.58181818181818,0,0.19230769230769232,0,28,7.111538461538462,1.0,-,-,0,0.3794871794871795
14 jul 2026,19,3.5,4.871212121212121,0.05,0,-,0.10526315789473684,0.2631578947368421,38.83684210526316,0.6666666666666666,0.028037383177570093,-0.032520325203252036,-,0.10246913580246914,0.65,-,0.0714285714285714,21.8,0,5.992424242424241,0,0.05263157894736842,1,20,6.731578947368422,0.9589745621681592,-,-,0,0.3
13 jul 2026,-,0,-,-,-,-,-,-,-,-,-,-,-,1,-,-,0.0,-,-,-,-,-,-,-,-,0.0,-,-,-,-
12 jul 2026,-,0,-,-,-,-,-,-,-,-,-,-,-,1,-,-,0.0,-,-,-,-,-,-,-,-,0.0,-,-,-,-
11 jul 2026,-,0,-,-,-,-,-,-,-,-,-,-,-,1,-,-,0.0,-,-,-,-,-,-,-,-,0.0,-,-,-,-
10 jul 2026,-,0,-,-,-,-,-,-,-,-,-,-,-,1,-,-,0.0,-,-,-,-,-,-,-,-,0.0,-,-,-,-
9 jul 2026,40,6.933888599687663,4.728571428571429,0.047619047619047616,0.047619047619047616,0.07142857142857142,0.2,0.1,43.06458333333333,0.3333333333333333,0.06912442396313365,0.06569343065693431,0.05,-,0.5238095238095238,3,0.1254752851711026,20.523809523809526,0.047619047619047616,5.793452380952381,0,0.15,1,42,5.708333333333333,1.0,-,-,0.047619047619047616,0.37041666666666667
8 jul 2026,30,6.8125,7.093073593073592,0.09090909090909091,0.030303030303030304,0.21212121212121213,0.23333333333333334,0.16666666666666666,52.21722222222222,0.4,0.037037037037037035,0.03214285714285714,0.03333333333333333,-,0.42424242424242425,-,0.1095406360424028,23.939393939393938,0.030303030303030304,9.676406926406926,0,0.2,1,33,10.078333333333335,1.0000000000000002,-,-,0,1.0744444444444445
7 jul 2026,39,8.549141965678627,6.67069597069597,0.025,0.025,0.075,0.20512820512820512,0.15384615384615385,44.76923076923077,0.5714285714285714,0.09615384615384616,0.032457952198288585,0.07692307692307693,-,0.5,-,0.1382978723404255,23.025,0.025,8.504212454212453,0,0.1282051282051282,1,40,8.57905982905983,1.0,-,-,0,0.5628205128205129
6 jul 2026,36,6.71875,5.069444444444444,0.07692307692307693,0.05128205128205128,0.1282051282051282,0.1388888888888889,0.2222222222222222,41.67824074074073,0.5833333333333334,0.06763285024154589,0.01773049645390071,0.027777777777777776,-,0.6153846153846154,-,0.1037735849056603,21.205128205128204,0.05128205128205128,6.572817460317459,0,0.08333333333333333,1,39,7.138425925925926,1.0,-,-,0,0.861574074074074
5 jul 2026,58,10.31055900621118,6.897222222222222,0.03333333333333333,0,0.1,0.07547169811320754,0.3275862068965517,50.70817610062893,0.5,0.0875,0.05002605523710266,-,-,0.4166666666666667,3.857142857142857,0.1244979919678714,27.25925925925926,0,8.964583333333332,0,0.07547169811320754,1,60,7.724712643678161,1.0,-,-,0.03333333333333333,0.3896551724137931
4 jul 2026,57,8.571428571428571,5.578632478632479,0.09523809523809523,0.015873015873015872,0.19047619047619047,0.14035087719298245,0.2631578947368421,47.869590643274854,0.6,0.02346041055718475,0.019461371841155234,0.03508771929824561,-,0.6666666666666666,5,0.1295843520782396,25.253968253968253,0.015873015873015872,7.45989010989011,0.03508771929824561,0.08771929824561403,1,63,8.387134502923976,1.0,-,-,0,0.48508771929824557
3 jul 2026,50,8.664935064935067,4.457692307692308,0.0196078431372549,0.0196078431372549,0.0392156862745098,0.1,0.28,37.68266666666666,0.5294117647058824,0.08178438661710037,0.04644808743169399,0.02,-,0.5490196078431373,5,0.1486486486486486,22.705882352941178,0.0196078431372549,6.02051282051282,0,0.06,1,51,6.099999999999999,1.0,-,-,0,0.635
2 jul 2026,35,6.125,5.308333333333334,0,0,0.08571428571428572,0.17142857142857143,0.22857142857142856,38.110952380952384,0.42857142857142855,0.046632124352331605,0.03262955854126679,0.05714285714285714,-,0.6857142857142857,5,0.0884353741496598,21.857142857142858,0,7.108333333333333,0,0.11428571428571428,1,35,6.338095238095238,1.0000000000000002,-,-,0,2.051904761904762
1 jul 2026,39,8.789610389610388,8.559615384615386,0.04878048780487805,0.024390243902439025,0.0975609756097561,0.1282051282051282,0.2564102564102564,42.72649572649573,0.5333333333333333,0.07272727272727272,0.06363636363636363,0.05128205128205128,-,0.4634146341463415,4,0.1103896103896103,23.682926829268293,0.024390243902439025,10.966025641025642,0,0.05128205128205128,1,41,7.763247863247863,1.0,-,-,0,0.3213675213675214
30 jun 2026,40,6.912,5.4243589743589755,0,0,0.075,0.175,0.15,39.67208333333333,0.36363636363636365,0.051643192488262914,0.03180212014134275,-,-,0.7,5,0.1204379562043795,22.55,0,7.5487179487179485,0,0.075,1,40,6.47875,1.0,-,-,0,0.37666666666666665
29 jun 2026,57,16.01246105919003,9.099267399267399,0.03389830508474576,0,0.288135593220339,0.17543859649122806,0.38596491228070173,55.373976608187135,0.3333333333333333,0.05128205128205128,0.027463651050080775,0.08771929824561403,-,0.3050847457627119,5,0.1166666666666666,30.76271186440678,0,11.333516483516483,0,0.08771929824561403,1,59,9.746783625730993,1.0,-,-,0,3.425730994152047
28 jun 2026,22,4.529085872576177,5.1066666666666665,0,0,0.045454545454545456,0.09090909090909091,0.13636363636363635,40.060606060606055,0.3333333333333333,0.056074766355140186,0.03875968992248062,0.045454545454545456,-,0.7272727272727273,-,0.0769230769230769,24.363636363636363,0,6.166666666666667,0,0.045454545454545456,1,22,5.803787878787879,1.0,-,-,0,0.4045454545454545
27 jun 2026,56,17.391304347826086,8.011309523809524,0.05084745762711865,0.01694915254237288,0.0847457627118644,0.07142857142857142,0.2857142857142857,46.36458333333333,0.3333333333333333,0.05491990846681922,0.043875685557586835,0.07142857142857142,-,0.4915254237288136,5,0.1501501501501501,29.338983050847457,0.01694915254237288,10.698214285714286,0.017857142857142856,0.05357142857142857,1,59,10.255059523809523,1.0,-,-,0.01694915254237288,0.7863095238095239
26 jun 2026,50,15.390946502057613,7.548046398046399,0.0196078431372549,0.0196078431372549,-,0.16,0.14,47.24666666666667,0.13333333333333333,0.06182795698924731,0.07597535934291581,0.02,-,0.47058823529411764,4.25,0.1615120274914089,25.45098039215686,0.0196078431372549,9.385653235653235,0,0.12,1,51,8.602333333333334,1.0,-,-,0,1.1433333333333335
25 jun 2026,38,14.125,5.601388888888889,0.05,0,0.025,0.2894736842105263,0.21052631578947367,41.675438596491226,0.2727272727272727,0.04932735426008968,0.03741496598639456,0.05263157894736842,-,0.6,4.428571428571429,0.1133603238866396,21.975,0,7.441666666666666,0.05263157894736842,0.10526315789473684,1,40,8.193859649122807,1.0,-,-,0.025,1.3662280701754386
24 jun 2026,42,17.4375,6.470238095238096,0,0,0.023809523809523808,0.21428571428571427,0.2619047619047619,44.05912698412699,0.6666666666666666,0.04395604395604396,0.0281866583150642,0.023809523809523808,-,0.6904761904761905,5,0.1322957198443579,23.238095238095237,0,7.885714285714285,0,0.16666666666666666,1,42,6.638888888888888,1.0000000000000002,-,-,0.023809523809523808,2.91468253968254
23 jun 2026,39,17.3125,6.778205128205128,0,0,-,0.3076923076923077,0.1794871794871795,48.02478632478633,0.5555555555555556,0.051470588235294115,0.019726858877086494,0.05128205128205128,-,0.5641025641025641,4.833333333333333,0.0929368029739776,24.871794871794872,0,8.256410256410255,0.05263157894736842,0.23076923076923078,1,39,10.690350877192982,1.0,-,-,0,2.576315789473684
22 jun 2026,38,11.875,7.25297619047619,0.07317073170731707,0.024390243902439025,0.07317073170731707,0.21052631578947367,0.2631578947368421,45.32324561403509,0,0.028169014084507043,0.02147239263803681,0.02631578947368421,-,0.6585365853658537,5,0.1338582677165354,24.853658536585368,0.024390243902439025,8.553571428571429,0.02631578947368421,0.18421052631578946,1,41,9.04561403508772,1.0,-,-,0,0.5947368421052632
21 jun 2026,37,7.319148936170213,4.064102564102564,0.075,0.075,0.05,0.02702702702702703,0.1891891891891892,41.66261261261262,0.5714285714285714,0.08484848484848485,0.032989690721649485,0.05405405405405406,0.012345679012345678,0.525,5,0.0901639344262295,25.85,0.05,5.807692307692308,0,0.02702702702702703,1,40,7.320720720720719,0.9965432941042698,-,-,0,3.1779279279279278
20 jun 2026,45,10.576131687242798,5.808333333333333,0.021739130434782608,0.021739130434782608,0.17391304347826086,0.28888888888888886,0.3111111111111111,60.45074074074075,0.2222222222222222,0.03529411764705882,0.03939393939393939,0.06666666666666667,0.07160493827160494,0.4782608695652174,4,0.1125,27,0.021739130434782608,7.514102564102564,0.1111111111111111,0.24444444444444444,1,46,13.186296296296296,0.9404859468288836,-,-,0,6.693703703703704
19 jun 2026,20,4.7899159663865545,5.408333333333333,0.047619047619047616,0.047619047619047616,0.14285714285714285,0.35,0,53.60666666666667,0.25,0.05309734513274336,0.07215007215007216,-,0.10246913580246914,0.5238095238095238,5,0.0803571428571428,22.523809523809526,0.047619047619047616,6.5583333333333345,0,0.3,1,21,9.337500000000002,0.9721365005244816,-,-,0,0.4616666666666667
18 jun 2026,41,15.91093117408907,5.780952380952381,0.023809523809523808,0.023809523809523808,-,0.3170731707317073,0.24390243902439024,51.986178861788616,0.29411764705882354,0.06614785992217899,0.06285714285714286,0.04878048780487805,-,0.5238095238095238,4,0.1104100946372239,22.38095238095238,0,7.963095238095237,0.14634146341463414,0.17073170731707318,1,42,12.904065040650408,1.0,-,-,0.047619047619047616,4.238211382113822
17 jun 2026,43,15.495867768595042,4.824319727891156,0.044444444444444446,0.022222222222222223,0.022222222222222223,0.3023255813953488,0.32558139534883723,52.10271317829457,0.3333333333333333,0.06910569105691057,0.056105610561056105,-,-,0.5111111111111111,2.6666666666666665,0.1012269938650306,22.755555555555556,0.022222222222222223,6.133503401360544,0.06976744186046512,0.23255813953488372,1,45,12.190310077519378,1.0,-,-,0.044444444444444446,3.2562015503875967
16 jun 2026,45,18.95068205666317,6.517857142857143,0.0425531914893617,0.02127659574468085,0.10638297872340426,0.2,0.28888888888888886,52.06703703703704,0.16666666666666666,0.0738255033557047,0.04819277108433735,0.022222222222222223,0.03580246913580247,0.425531914893617,5,0.1149425287356321,24.76595744680851,0.02127659574468085,8.20595238095238,0.044444444444444446,0.1111111111111111,1,47,11.369629629629628,0.9777303884234576,-,-,0,3.424444444444444
15 jun 2026,28,8.760330578512397,7.513888888888888,0,0,-,0.32142857142857145,0.21428571428571427,49.57202380952382,0.5384615384615384,0.0821256038647343,0.051181102362204724,-,-,0.5,5,0.0631578947368421,25.535714285714285,0,9.006944444444445,0.07142857142857142,0.2857142857142857,1,28,11.567261904761905,1.0,-,-,0,1.6273809523809522
14 jun 2026,26,6.166666666666667,5.2481481481481485,0.07142857142857142,0.03571428571428571,0.03571428571428571,0.15384615384615385,0.2692307692307692,47.967307692307685,0.14285714285714285,0.07586206896551724,0.04477611940298507,0.038461538461538464,-,0.5357142857142857,5,0.093984962406015,26.75,0.03571428571428571,7.211111111111112,0.038461538461538464,0.15384615384615385,0.6666666666666666,28,8.45448717948718,1.0,-,-,0.03571428571428571,0.3743589743589743
13 jun 2026,44,10.656530753282654,5.83939393939394,0.022222222222222223,0,-,0.20454545454545456,0.25,53.80151515151515,1,0.03937007874015748,0.02811621368322399,0.06818181818181818,-,0.5333333333333333,5,0.0982658959537572,26.555555555555557,0,7.372727272727272,0.11627906976744186,0.13636363636363635,1,45,10.85,1.0,-,-,0,5.542635658914729
12 jun 2026,26,10.163265306122447,6.6060606060606055,0.07142857142857142,0.03571428571428571,0.17857142857142858,0.3076923076923077,0.11538461538461539,45.92692307692308,0.5,0.036585365853658534,0.009302325581395349,-,-,0.5714285714285714,4.5,0.0864197530864197,22.357142857142858,0,8.507575757575758,0.038461538461538464,0.2692307692307692,1,28,7.886538461538462,1.0,-,-,0,1.2083333333333333
11 jun 2026,34,14.62655601659751,6.512142857142857,0.02857142857142857,0,0.11428571428571428,0.35294117647058826,0.29411764705882354,45.67058823529412,0.6153846153846154,0.07964601769911504,0.01718213058419244,0.058823529411764705,-,0.5142857142857142,-,0.1155378486055776,24.4,0,8.226666666666667,0.08823529411764706,0.17647058823529413,1,35,8.909313725490197,1.0,-,-,0,3.4794117647058824
10 jun 2026,32,13.625,6.666666666666666,0.030303030303030304,0,0.09090909090909091,0.34375,0.21875,51.64791666666667,0.4,0.05238095238095238,0.014545454545454545,0.03125,-,0.5757575757575758,-,0.1153846153846153,23.424242424242426,0,9.04090909090909,0.16129032258064516,0.21875,0.75,33,11.365591397849462,1.0,-,-,0,7.4360215053763445
9 jun 2026,26,10.207468879668049,5.703333333333333,0.10344827586206896,0.034482758620689655,0.13793103448275862,0.19230769230769232,0.2692307692307692,45.537179487179486,0.3333333333333333,0.05660377358490566,0.08284023668639054,0.07692307692307693,0.17777777777777778,0.4827586206896552,5,0.0961538461538461,22.137931034482758,0.034482758620689655,6.305,0.038461538461538464,0.19230769230769232,1,29,8.6025641025641,0.8854463546933898,-,-,0.034482758620689655,1.6314102564102566
8 jun 2026,-,0,-,-,-,-,-,-,-,-,-,-,-,0.9940740740740741,-,-,0.0,-,-,-,-,-,-,-,-,0.0033247394994091,-,-,-,-
7 jun 2026,-,-,-,-,-,-,-,-,-,-,-,-,-,1,-,-,0.0,-,-,-,-,-,-,-,-,0.0,-,-,-,-
6 jun 2026,-,-,-,-,-,-,-,-,-,-,-,-,-,1,-,-,0.0072992700729927,-,-,-,-,-,-,-,-,0.0,-,-,-,-
5 jun 2026,0,-,6.75,1,0.7777777777777778,-,-,-,-,-,-,-,-,0.7911111111111111,0,-,0.0615384615384615,29.666666666666668,0,10.25,-,-,-,9,-,0.143288084464555,-,-,0,-
4 jun 2026,-,-,-,-,-,-,-,-,-,-,-,-,-,1,-,-,0.0,-,-,-,-,-,-,-,-,0.0,-,-,-,-
3 jun 2026,0,-,6,1,0,-,-,-,-,-,-,-,-,0.9644444444444444,0,-,0.0103092783505154,25,0,6,-,-,-,1,-,0.0183071213995405,-,-,0,-
2 jun 2026,-,-,-,-,-,-,-,-,-,-,-,-,-,1,-,-,0.0,-,-,-,-,-,-,-,-,0.0,-,-,-,-
1 jun 2026,-,-,-,-,-,-,-,-,-,-,-,-,-,1,-,-,0.0,-,-,-,-,-,-,-,-,0.0,-,-,-,-
16 jul 2026,197,10.410772115220729,6.393867151603725,0.034313725490196,0.0,-,0.2256097560975609,0.2182741116751269,48.79635416666666,0.3846153846153846,0.0167652859960552,0.019051939552594,0.0304568527918781,-,0.3823529411764705,3.857142857142857,0.1818181818181818,20.71764705882353,0.0,8.378367926963275,0.0981595092024539,0.1646341463414634,0.0,204,9.895501022494887,1.0,0,0.02030456852791878,0.0147058823529411,2.893558282208589
15 jul 2026,196,13.060179257362355,6.699826393474717,0.0392156862745098,0.0049019607843137,0.049019607843137254,0.2244897959183673,0.2193877551020408,50.34114035087719,0.4166666666666667,0.0177514792899408,0.0183024246029846,0.0714285714285714,-,0.3872549019607843,3.5,0.1834264432029795,23.715686274509803,0.0049019607843137,8.962254998079734,0.0765306122448979,0.1275510204081632,0.6666666666666666,204,11.21062925170068,1.0,0,0.03571428571428571,0.0,3.96343537414966
14 jul 2026,222,17.556591211717713,7.347774034884762,0.0305676855895196,0.0043668122270742,0.021834061135371178,0.1936936936936936,0.3243243243243243,54.23832565284179,0.3,0.0174013921113689,0.0216540110920597,0.063063063063063,-,0.4104803493449782,4.3462962962962965,0.2009478672985782,29.30131004366812,0.0043668122270742,9.205583718472994,0.1126126126126126,0.1216216216216216,1.0,229,13.697147147147144,1.0,0,0.02252252252252252,0.0043668122270742,5.481081081081082
13 jul 2026,255,15.04353312302839,7.534804899339671,0.0555555555555555,0.0,0.040740740740740744,0.2392156862745098,0.2823529411764706,58.92369477911646,0.4666666666666667,0.0152361604875571,0.0136135927664658,0.0352941176470588,-,0.4666666666666667,4.666666666666666,0.2185007974481658,30.98148148148148,0.0,9.775157026146395,0.075098814229249,0.1725490196078431,1.0,270,13.302305665349143,1.0,0.00784313725490196,0.023529411764705882,0.0074074074074074,9.722200263504613
12 jul 2026,302,37.81078967943706,7.702687099527367,0.0226537216828478,0.0097087378640776,0.18446601941747573,0.1324503311258278,0.1423841059602649,53.03635802469135,0.4375,0.0128898128898128,0.0160429250756586,0.0529801324503311,-,0.4724919093851132,4.722222222222222,0.1901025950512975,34.58252427184466,0.0,9.58314360465186,0.0264900662251655,0.0894039735099337,1.0,309,11.925441501103752,1.0,0.08940397350993377,0.10927152317880795,0.0097087378640776,5.490231788079469
11 jul 2026,293,33.76907426246185,7.065317598213999,0.0487012987012987,0.0032467532467532,0.2662337662337662,0.2696245733788396,0.2354948805460751,59.98526666666666,0.3888888888888889,0.0163710777626193,0.0190028133515036,0.0443686006825938,-,0.3863636363636363,4.816666666666666,0.177906976744186,35.72077922077922,0.0032467532467532,8.88228149418167,0.0546075085324232,0.1877133105802047,0.9393939393939394,308,12.235210466439137,1.0,0.11604095563139932,0.16040955631399317,0.0032467532467532,7.482707622298066
10 jul 2026,210,25.866983372921613,6.684148491932658,0.0277777777777777,0.0,0.2962962962962963,0.2142857142857142,0.219047619047619,47.63489278752436,0.2307692307692307,0.0131396957123098,0.0183870156687155,0.0238095238095238,-,0.4444444444444444,4.714285714285714,0.1863957597173144,21.185185185185187,0.0,8.47362486860773,0.0721153846153846,0.1095238095238095,1.0,216,9.754246794871795,1.0,0.18571428571428572,0.19523809523809524,0.0046296296296296,1.5451121794871794
9 jul 2026,140,21.65914612981604,7.500266400266402,0.0277777777777777,0.0,0.3125,0.1857142857142857,0.2142857142857142,47.9948087431694,0.5625,0.016593886462882,0.0134964580481206,0.0642857142857142,-,0.4583333333333333,4.142857142857143,0.1474609375,20.916666666666668,0.0,10.112054612054612,0.1214285714285714,0.1214285714285714,1.0,144,11.408571428571427,1.0,0.10714285714285714,0.1357142857142857,0.0,1.817619047619048
8 jul 2026,153,17.806023763470574,6.926837124863441,0.0192307692307692,0.0,0.14743589743589744,0.2222222222222222,0.1830065359477124,53.91284722222222,0.4285714285714285,0.0084190832553788,0.0105556487069189,0.0392156862745098,-,0.4551282051282051,-,0.1568848758465011,21.53205128205128,0.0,8.609079475244888,0.131578947368421,0.1699346405228758,1.0,156,11.096710526315787,1.0,0.0392156862745098,0.058823529411764705,0.0064102564102564,2.5952850877192986
7 jul 2026,177,24.707006369426757,7.157946860167526,0.0166666666666666,0.0055555555555555,0.16111111111111112,0.2937853107344633,0.2937853107344633,64.8406007751938,0.2,0.015527950310559,0.0171386059343288,0.0451977401129943,-,0.3666666666666666,-,0.1700105596620908,26.683333333333334,0.0,9.222199215894772,0.1314285714285714,0.2259887005649717,1.0,180,14.136666666666668,1.0,0.01694915254237288,0.02824858757062147,0.0166666666666666,9.624095238095236
6 jul 2026,218,24.96361746361746,7.144216187471799,0.0135746606334841,0.0,0.058823529411764705,0.2431192660550458,0.2568807339449541,57.00738095238095,0.5333333333333333,0.0112994350282485,0.0146192453648382,0.0412844036697247,-,0.4796380090497738,-,0.1690408357075023,25.63348416289593,0.0,8.990160019450364,0.0794392523364486,0.1605504587155963,1.0,221,12.329984423676011,1.0,0.009174311926605505,0.03669724770642202,0.004524886877828,2.81791277258567
5 jul 2026,200,69.875,7.987046557059826,0.0476190476190476,0.0,0.4714285714285714,0.544973544973545,0.26,91.98701923076923,0.3529411764705882,0.0145015105740181,0.0392566220334586,0.06,-,0.0761904761904762,4.363636363636363,0.1374045801526717,35.88442211055276,0.0,9.6016944816204,0.1414141414141414,0.4708994708994709,1.0,210,14.702946127946127,1.0,0.41,0.435,0.0,20.123148148148147
4 jul 2026,186,45.58259968928016,6.915968855490914,0.07,0.005,0.68,0.521505376344086,0.3225806451612903,68.58023255813954,0.6923076923076923,0.0158730158730158,0.0106377032107825,0.043010752688172,-,0.19,4.666666666666667,0.1478537360890302,28.93,0.0,9.066871588378945,0.0698924731182795,0.4408602150537634,1.0,200,12.697759856630825,1.0,0.510752688172043,0.5913978494623656,0.005,8.706362007168458
3 jul 2026,175,36.625766871165645,6.730867841309019,0.0331491712707182,0.0,0.0718232044198895,0.3257142857142857,0.3771428571428571,58.58676470588235,0.4736842105263157,0.0211148648648648,0.0111161077457106,0.0285714285714285,-,0.3646408839779005,4.9,0.1592039800995024,22.955801104972377,0.0,9.056762431468313,0.1461988304093567,0.2342857142857143,1.0,181,11.22066276803119,1.0,0,0.02857142857142857,0.0,7.979922027290449
2 jul 2026,150,38.46788450206246,6.487651945899817,0.0683229813664596,0.0124223602484472,0.4968944099378882,0.4066666666666667,0.4733333333333333,62.970085470085465,0.4705882352941176,0.0287569573283859,0.0330064667265177,0.04,-,0.2360248447204969,4.2,0.1186006825938566,22.59006211180124,0.0062111801242236,8.674831786398157,0.2040816326530612,0.3266666666666666,1.0,161,11.415079365079364,1.0,0.44,0.5266666666666666,0.0062111801242236,12.210430839002267
1 jul 2026,180,46.865990389749065,7.530712568121347,0.0374331550802139,0.0106951871657754,0.11764705882352941,0.3388888888888889,0.4333333333333333,63.23456790123458,0.2702702702702703,0.0394463667820069,0.0398618260051095,0.0333333333333333,-,0.3048128342245989,4.666666666666667,0.0732553099263112,28.3475935828877,0.0053475935828877,9.584571176955633,0.095505617977528,0.25,1.0,187,10.502996254681646,1.0,0.07777777777777778,0.1,0.0053475935828877,17.941573033707865
30 jun 2026,183,20.546875,7.066435185185186,0.0615384615384615,0.0051282051282051,0.26153846153846155,0.3114754098360656,0.3224043715846995,57.21536926147705,0.3076923076923077,0.0483743061062648,0.0442773136920267,0.0491803278688524,0.03270440251572327,0.3948717948717948,5,0.1665124884366327,25.26153846153846,0.0051282051282051,9.465625,0.1038251366120218,0.2185792349726776,0.9285714285714286,195,10.187431693989073,0.965189618566513,0.09289617486338798,0.11475409836065574,0.0153846153846153,5.957103825136612
29 jun 2026,253,25.16572858036272,7.24243145100836,0.0231660231660231,0.0038610038610038,0.023166023166023165,0.2055335968379446,0.3873517786561264,62.08985215053762,0.5151515151515151,0.0241084881968859,0.0297067393225558,0.0513833992094861,0.061635220125786164,0.416988416988417,4.595238095238095,0.173259493670886,32.21621621621622,0.0038610038610038,9.377812196005232,0.0711462450592885,0.1620553359683794,1.0,259,10.327733860342557,0.9215309216264488,0.003952569169960474,0.019762845849802372,0.0077220077220077,11.294927536231889
28 jun 2026,222,13.445346422503304,5.770146868855308,0.0632911392405063,0.0,0.012658227848101266,0.1441441441441441,0.1351351351351351,42.96658986175115,0.3777777777777777,0.0335820895522388,0.03376981970857,0.0135135135135135,-,0.5864978902953587,4.407407407407408,0.1511715797430083,25.59071729957806,0.0,7.21608836697072,0.0495495495495495,0.0855855855855855,0.918918918918919,237,7.977252252252253,1.0,0,0.02252252252252252,0.0042194092827004,2.1524024024024024
27 jun 2026,252,17.66284896206156,6.378714445637718,0.0418250950570342,0.0,0.03802281368821293,0.2063492063492063,0.2539682539682539,53.68900134952767,0.3255813953488372,0.0368550368550368,0.0312427918032734,0.0158730158730158,-,0.4904942965779467,4.833333333333333,0.1886625332152347,29.638783269961976,0.0,7.723207334580735,0.0357142857142857,0.1309523809523809,1.0,263,9.272089947089947,1.0,0.007936507936507936,0.023809523809523808,0.0190114068441064,5.87255291005291
26 jun 2026,216,12.995579734784087,5.430744445340719,0.0136986301369863,0.0,0.045662100456621,0.1944444444444444,0.2175925925925926,45.52496087636932,0.3333333333333333,0.0389197776012708,0.038112742855679,0.0231481481481481,-,0.5707762557077626,3.7777777777777777,0.173741362290227,20.689497716894977,0.0,7.152877264212669,0.0509259259259259,0.125,1.0,219,8.022530864197531,1.0,0,0.013888888888888888,0.0136986301369863,2.0473765432098765
25 jun 2026,216,18.71900826446281,7.26296261487051,0.0526315789473684,0.0,0.04824561403508772,0.2175925925925926,0.3703703703703703,58.7161214953271,0.2727272727272727,0.0258564964447317,0.0293419600894847,0.0555555555555555,-,0.425438596491228,4.3939393939393945,0.1842870999030068,26.58333333333333,0.0,9.057774794128177,0.0509259259259259,0.1666666666666666,1.0,228,8.061033950617283,1.0,0.004629629629629629,0.009259259259259259,0.0131578947368421,12.460185185185187
24 jun 2026,196,18.138091543832427,7.051723467164644,0.0150753768844221,0.0,0.05025125628140704,0.1581632653061224,0.2142857142857142,48.28082901554404,0.25,0.0115107913669064,0.0143236220052291,0.0408163265306122,-,0.6180904522613065,4.972222222222222,0.1779206859592711,23.301507537688444,0.0,9.092938267094276,0.0357142857142857,0.0816326530612244,1.0,199,8.256037414965986,1.0000000000000002,0,0.015306122448979591,0.0100502512562814,2.933843537414966
23 jun 2026,189,18.354716981132075,7.881448412698414,0.050251256281407,0.0100502512562814,0.04522613065326633,0.1746031746031746,0.3386243386243386,47.71193078324226,0.4210526315789473,0.0138121546961325,0.0148721200929372,0.0317460317460317,-,0.5628140703517588,4.666666666666667,0.162134944612286,22.743718592964825,0.0050251256281407,9.85324074074074,0.0529100529100529,0.1269841269841269,1.0,199,8.185273368606703,1.0,0.005291005291005291,0.042328042328042326,0.0050251256281407,3.538624338624339
22 jun 2026,232,20.698040981760865,7.78304734286877,0.0169491525423728,0.0,0.046610169491525424,0.2068965517241379,0.2758620689655172,56.58466666666666,0.1,0.0173010380622837,0.0292863612013919,0.0646551724137931,-,0.4067796610169492,4.5,0.1967370441458733,28.49576271186441,0.0,9.858287182394324,0.0732758620689655,0.1551724137931034,1.0,236,8.262068965517242,1.0,0.004310344827586207,0.03017241379310345,0.0084745762711864,7.555028735632184
21 jun 2026,311,20.10621894808977,6.799947189574387,0.0250783699059561,0.0031347962382445,0.15047021943573669,0.1093247588424437,0.2668810289389067,53.79892655367232,0.4615384615384615,0.0173137460650577,0.0164447465562555,0.0289389067524115,0.025157232704402517,0.5297805642633229,3.694444444444444,0.1918088737201365,36.96865203761755,0.0,8.494959698448858,0.0419354838709677,0.067524115755627,1.0,319,8.50548387096774,0.9879470123372563,0.03536977491961415,0.05144694533762058,0.0156739811912225,5.590268817204301
20 jun 2026,273,19.385252978760143,6.402603077308994,0.0421052631578947,0.0035087719298245,0.18596491228070175,0.2014652014652014,0.2417582417582417,56.07851711026616,0.4761904761904761,0.0183387270765911,0.0213169778763469,0.0586080586080586,-,0.4385964912280701,4.6875,0.1804915514592933,31.887719298245614,0.0035087719298245,8.173603643816854,0.0329670329670329,0.1465201465201465,1.0,285,8.42026862026862,1.0,0.02564102564102564,0.040293040293040296,0.0140350877192982,6.452380952380953
19 jun 2026,223,18.142520864540977,6.216452991452992,0.0304347826086956,0.0043478260869565,0.05652173913043478,0.2959641255605381,0.1748878923766816,56.17400611620796,0.3225806451612903,0.0284900284900284,0.046453927962547,0.0269058295964125,-,0.4521739130434782,4.708333333333333,0.1834774255523535,24.60434782608696,0.0043478260869565,8.165648567119154,0.0538116591928251,0.1883408071748878,0.92,230,7.61763826606876,1.0,0,0.02242152466367713,0.017391304347826,2.478774289985052
18 jun 2026,186,17.63587618815501,6.568479271559767,0.0106382978723404,0.0,0.0425531914893617,0.1989247311827957,0.2956989247311828,44.99057971014493,0.6,0.0066555740432612,0.0078459936927834,0.021505376344086,-,0.6117021276595744,5,0.146455223880597,20.329787234042552,0.0,8.860589240480882,0.043010752688172,0.1129032258064516,1.0,188,7.178046594982078,1.0,0,0.010752688172043012,0.0159574468085106,3.0595878136200727
17 jun 2026,223,19.083371718102256,5.91558586637534,0.0044642857142857,0.0,0.022321428571428572,0.2825112107623318,0.4035874439461883,52.94961597542243,0.2,0.0116279069767441,0.0153282461913088,0.0403587443946188,-,0.59375,4.541666666666667,0.1702525724976613,23.40625,0.0,7.701771094402674,0.0717488789237668,0.210762331838565,1.0,224,8.226233183856502,1.0,0,0.026905829596412557,0.0178571428571428,5.321150971599403
16 jun 2026,223,20.72949705482555,7.322223334237424,0.0219298245614035,0.0,0.15350877192982457,0.1704035874439461,0.1928251121076233,45.70956790123456,0.4,0.0131926121372031,0.010807099587238,0.0403587443946188,-,0.631578947368421,4.142857142857143,0.1632996632996633,21.899122807017545,0.0,9.20237402634545,0.0313901345291479,0.0986547085201793,1.0,228,6.99424514200299,1.0,0.008968609865470852,0.03139013452914798,0.0087719298245614,4.039387144992526
15 jun 2026,236,18.65529010238908,7.221932740244899,0.0084033613445378,0.0,0.06722689075630252,0.1567796610169491,0.3177966101694915,49.43065217391304,0.4,0.0177975528364849,0.0171295999139562,0.0466101694915254,-,0.4957983193277311,4.354166666666667,0.1520423600605143,25.94117647058824,0.0,8.910532487174047,0.0338983050847457,0.1228813559322034,1.0,238,9.268997175141244,1.0,0,0.025423728813559324,0.0084033613445378,4.870974576271187
14 jun 2026,295,21.53408139340144,7.708861550433828,0.0166666666666666,0.0033333333333333,0.1,0.1254237288135593,0.2,54.34815455594002,0.3,0.0126641651031894,0.0112869090392693,0.0203389830508474,-,0.51,4.624242424242424,0.1963369963369963,33.843333333333334,0.0,9.305439479336522,0.0067796610169491,0.0779661016949152,1.0,300,7.47954802259887,1.0000000000000002,0.003389830508474576,0.020338983050847456,0.0033333333333333,6.641638418079095
13 jun 2026,311,21.511767737502144,6.186297801317705,0.0189274447949526,0.0031545741324921,0.022082018927444796,0.202572347266881,0.2893890675241157,53.24374325782093,0.3571428571428571,0.0101010101010101,0.0124612807280419,0.0385852090032154,-,0.4858044164037854,4.879166666666666,0.2038404726735598,31.608832807570977,0.0,7.858814624517852,0.0160771704180064,0.1221864951768488,1.0,317,7.759056806002143,1.0,0,0.006430868167202572,0.0126182965299684,9.276473740621649
12 jun 2026,233,19.88157894736842,6.007650976099252,0.0411522633744856,0.0,0.03292181069958848,0.167381974248927,0.2618025751072961,47.42929292929293,0.4444444444444444,0.006635700066357,0.0086889794413956,0.0300429184549356,-,0.5308641975308642,4.952380952380953,0.1709621993127147,25.03703703703704,0.0,7.647609925196131,0.0214592274678111,0.0901287553648068,1.0,243,7.427682403433476,1.0,0,0.012875536480686695,0.0164609053497942,5.962660944206009
11 jun 2026,198,23.15325248070562,6.65382909911603,0.0246305418719211,0.0,0.22167487684729065,0.1666666666666666,0.207070707070707,47.45274822695035,0.25,0.0107372942018611,0.0179469877737646,0.0454545454545454,-,0.5714285714285714,4.6875,0.1610555050045496,20.97536945812808,0.0,8.563239226189802,0.0808080808080808,0.106060606060606,1.0,203,7.752104377104376,1.0,0.025252525252525252,0.050505050505050504,0.0147783251231527,3.3725589225589223
10 jun 2026,220,22.604776926543487,7.065259004497395,0.0222222222222222,0.0,0.1288888888888889,0.2181818181818181,0.3363636363636363,53.1310641627543,0.5,0.0102102102102102,0.0105092056861693,0.0409090909090909,-,0.4977777777777777,4.375,0.1120543293718166,25.91555555555556,0.0,8.601260289761838,0.0454545454545454,0.1363636363636363,1.0,225,7.47560606060606,1.0,0,0.03636363636363636,0.0088888888888888,7.779621212121212
9 jun 2026,197,16.95487136229439,6.717674178048672,0.0100502512562814,0.0,0.09547738693467336,0.1522842639593908,0.1573604060913705,43.127661431064574,0.6666666666666666,0.0089820359281437,0.0123546626179272,0.0050761421319796,-,0.7185929648241206,4.5476190476190474,0.0827619980411361,20.331658291457288,0.0,8.38279296614317,0.0304568527918781,0.0609137055837563,0.6666666666666666,199,7.217681895093063,1.0,0.005076142131979695,0.030456852791878174,0.0050251256281407,1.9146362098138752
8 jun 2026,236,17.33610822060354,8.212631443991738,0.0166666666666666,0.0041666666666666,0.09583333333333334,0.173728813559322,0.2457627118644068,48.35771470160116,0.3636363636363636,0.0096443640747438,0.0125355239660786,0.0127118644067796,-,0.5208333333333334,4.65,0.1032098765432098,25.008333333333333,0.0,10.653900462962964,0.0296610169491525,0.1059322033898305,1.0,240,8.572881355932205,1.0,0.00423728813559322,0.029661016949152543,0.0166666666666666,3.867090395480226
7 jun 2026,225,16.41977391597773,7.086161156500461,0.0384615384615384,0.0213675213675213,0.042735042735042736,0.1244444444444444,0.16,47.881900452488686,0.5,0.009907120743034,0.0129372099613332,0.0533333333333333,0.22641509433962265,0.5811965811965812,3.6148148148148147,0.0751376868607395,30.35897435897436,0.0,8.522983220519716,0.0133928571428571,0.08,1.0,234,8.400669642857142,0.9147220802816102,0,0.04,0.0128205128205128,3.056175595238096
6 jun 2026,278,24.58171405195337,7.582430029883342,0.0211267605633802,0.0,0.035211267605633804,0.2302158273381295,0.1942446043165467,47.1416971916972,0.3846153846153846,0.0115403913697942,0.0112063466289332,0.0359712230215827,-,0.6126760563380281,4.013888888888889,0.0964487489911218,26.239436619718308,0.0,9.592485672222516,0.0647482014388489,0.1330935251798561,1.0,284,8.870143884892085,1.0,0,0.02158273381294964,0.0,4.679616306954435
5 jun 2026,218,19.21487603305785,6.220417005044186,0.0224215246636771,0.0,0.14349775784753363,0.2064220183486238,0.2568807339449541,44.704166666666666,0.5,0.0086206896551724,0.0104829153460612,0.0458715596330275,-,0.6188340807174888,4.5181818181818185,0.0948655256723716,20.179372197309416,0.0,8.5475807735649,0.0412844036697247,0.110091743119266,1.0,223,7.054357798165138,1.0,0,0.013761467889908258,0.0044843049327354,3.45137614678899
4 jun 2026,196,22.68477574226153,6.458406730890061,0.0101010101010101,0.0,0.1717171717171717,0.2091836734693877,0.3112244897959184,46.47797619047618,0.4545454545454545,0.0142617449664429,0.0154527649205837,0.010204081632653,-,0.6111111111111112,4.592592592592592,0.0857284440039643,21.227272727272727,0.0,8.455117529727556,0.0510204081632653,0.1224489795918367,1.0,198,8.381972789115645,1.0000000000000002,-,-,0.0101010101010101,3.930697278911564
3 jun 2026,206,21.50769230769231,7.073812881980176,0.0143540669856459,0.0047846889952153,0.13875598086124402,0.2766990291262136,0.3349514563106796,54.76381909547738,0.2727272727272727,0.0143575017946877,0.0164988913406456,0.0388349514563106,-,0.4449760765550239,4.515151515151515,0.089422585590189,26.818181818181817,0.0,9.330812420662046,0.0539215686274509,0.203883495145631,1.0,209,9.766503267973857,1.0,0,0.03398058252427184,0.0095693779904306,7.875326797385622
2 jun 2026,213,26.48081700248413,7.1408410392262285,0.0448430493273542,0.0134529147982062,0.11659192825112108,0.3098591549295774,0.3380281690140845,65.52796474358973,0.3714285714285714,0.0220541902961562,0.0180258425670015,0.0422535211267605,-,0.3901345291479821,4,0.0940291490362012,30.829596412556054,0.0,8.8429310590633,0.0613207547169811,0.2112676056338028,1.0,223,9.70746855345912,1.0,0,0.023474178403755867,0.0,9.596462264150944
1 jun 2026,249,28.159675236806493,8.081737764115584,0.02734375,0.00390625,0.140625,0.3855421686746988,0.4538152610441767,68.7994391025641,0.4,0.0217917675544794,0.0206595125604309,0.036144578313253,-,0.29296875,4.533333333333333,0.0992081974848625,33.984375,0.0,10.040257158255276,0.0682730923694779,0.3092369477911647,0.9090909090909092,256,11.246251673360106,1.0000000000000002,0.12048192771084337,0.1686746987951807,0.0078125,16.293038821954486
16 jul 2026,128,7.245439852228124,5.108744453492354,0.03759398496240601,0.007518796992481203,-,0.2222222222222222,0.25,36.86632996632997,0.23809523809523808,0.028846153846153848,0.03836930455635491,0.046875,-,0.706766917293233,4.333333333333333,0.2023809523809523,12.62135922330097,0.007518796992481203,7.311588936273809,0.020618556701030927,0.09090909090909091,0,133,5.946391752577319,1.0,-,-,0.022556390977443608,0.3525773195876289
15 jul 2026,139,9.542048293089094,5.406739513987413,0.014184397163120567,0,0.028368794326241134,0.26618705035971224,0.39568345323741005,42.43093525179856,0.5,0.026455026455026454,0.015594541910331383,0.06474820143884892,-,0.6453900709219859,3.6666666666666665,0.1971153846153846,14.75886524822695,0,7.312552975735748,0.02877697841726619,0.14388489208633093,0.5,141,7.65083932853717,1.0,-,-,0,0.755875299760192
14 jul 2026,133,10.96580406654344,5.681749063261669,0.036231884057971016,0.007246376811594203,0.021739130434782608,0.3007518796992481,0.49624060150375937,40.55827067669173,0.36666666666666664,0.060411311053984576,0.040737148399612025,0.022556390977443608,-,0.5797101449275363,5,0.1695906432748538,14.91304347826087,0.007246376811594203,7.521024773545782,0.11278195488721804,0.21052631578947367,1,138,9.010526315789475,1.0,-,-,0.007246376811594203,2.056516290726817
13 jul 2026,-,0.0,-,-,-,-,-,-,-,-,-,-,-,1,-,-,0.0,-,-,-,-,-,-,-,-,0.0,-,-,-,-
12 jul 2026,-,0.0,-,-,-,-,-,-,-,-,-,-,-,1,-,-,0.0,-,-,-,-,-,-,-,-,0.0,-,-,-,-
11 jul 2026,-,0.0,-,-,-,-,-,-,-,-,-,-,-,1,-,-,0.0,-,-,-,-,-,-,-,-,0.0,-,-,-,-
10 jul 2026,53,4.394824707846411,5.00734126984127,0.13114754098360656,0.01639344262295082,-,0.1320754716981132,0.39622641509433965,32.58930817610063,0.25,0.028735632183908046,0.012853470437017995,-,0.5111111111111111,0.6557377049180327,3.6666666666666665,0.140552995391705,13.557377049180328,0,6.670238095238096,0.03773584905660377,0.09433962264150944,1,61,8.566666666666666,0.4027949769986323,-,-,0,0.18742138364779878
9 jul 2026,124,11.147058823529411,5.803874498517355,0.03875968992248062,0,0.06201550387596899,0.21774193548387097,0.3548387096774194,36.2247311827957,0.3333333333333333,0.040160642570281124,0.02714440825190011,0.03225806451612903,-,0.7441860465116279,4.444444444444445,0.1651651651651651,17.558139534883722,0,7.266923949066807,0.04838709677419355,0.10483870967741936,1,129,8.357930107526881,1.0,-,-,0.015503875968992248,0.2196236559139785
8 jul 2026,107,8.55030248711629,5.76214547142149,0.01834862385321101,0,0.1651376146788991,0.2523364485981308,0.27102803738317754,45.794859813084116,0.2,0.057233704292527825,0.0473963205487995,0.06542056074766354,-,0.5412844036697247,-,0.1643598615916955,19.128440366972477,0,7.78447061987786,0.07476635514018691,0.19626168224299065,1,109,9.907476635514017,1.0,-,-,0.027522935779816515,0.5595015576323987
7 jul 2026,125,10.18234562784915,6.325462830819974,0.038461538461538464,0.007692307692307693,0.046153846153846156,0.192,0.272,39.38973333333333,0.3684210526315789,0.037082818294190356,0.028578719060984945,0.032,-,0.6538461538461539,-,0.1622464898595944,19.00769230769231,0,8.151902660831231,0.064,0.12,0.9375,130,8.943333333333332,1.0,-,-,0.007692307692307693,0.7597333333333333
6 jul 2026,125,7.708408516780946,5.0545733036804465,0.007936507936507936,0,0.12698412698412698,0.2,0.32,40.3288,0.38461538461538464,0.03698435277382646,0.031840796019900496,0.024,-,0.6507936507936508,-,0.1619047619047619,20.11111111111111,0,7.216406906585478,0.032,0.112,1,126,9.1624,1.0,-,-,0.023809523809523808,0.7232000000000001
5 jul 2026,193,18.86237513873474,5.672145151767,0.02030456852791878,0.005076142131979695,0.06091370558375635,0.1853932584269663,0.2694300518134715,50.38267790262172,0.29545454545454547,0.05456171735241502,0.04005097396686692,0.05181347150259067,-,0.5583756345177665,4.875,0.2006472491909385,26.291208791208792,0.005076142131979695,6.950850969758533,0.015544041450777202,0.12359550561797752,0.9722222222222222,197,11.333246977547496,1.0,-,-,0.005076142131979695,1.2325561312607947
4 jul 2026,177,15.907828983897836,5.243038120538578,0.016666666666666666,0.005555555555555556,0.06666666666666667,0.22033898305084745,0.22033898305084745,46.54651600753296,0.38461538461538464,0.037037037037037035,0.03628905017355633,0.03389830508474576,-,0.6111111111111112,4.2,0.1979565772669221,22.022222222222222,0.005555555555555556,6.964809388334232,0.01694915254237288,0.15819209039548024,1,180,9.026271186440677,1.0,-,-,0.022222222222222223,0.6727871939736346
3 jul 2026,136,12.53988513082323,4.5144557823129245,0.03546099290780142,0,0.028368794326241134,0.27205882352941174,0.3088235294117647,37.83100490196078,0.3684210526315789,0.04024767801857585,0.0342563516985441,0.022058823529411766,-,0.7163120567375887,4,0.1437422552664188,16.02836879432624,0,6.1358998144712436,0.08088235294117647,0.16176470588235295,1,141,7.405637254901961,1.0,-,-,0.028368794326241134,0.4006127450980392
2 jul 2026,145,20.361260568793234,5.751841878942719,0.05228758169934641,0.006535947712418301,0.06535947712418301,0.2206896551724138,0.35172413793103446,40.52816091954023,0.3,0.06039488966318235,0.058720420683610865,0.05517241379310345,-,0.5555555555555556,3.5625,0.1800302571860817,21.69281045751634,0,7.943293179742759,0.034482758620689655,0.1310344827586207,1,153,9.798850574712644,1.0,-,-,0.013071895424836602,1.4308045977011492
1 jul 2026,148,19.293286219081278,6.390803286104037,0.03896103896103896,0.01948051948051948,0.05844155844155844,0.30405405405405406,0.35135135135135137,43.957882882882885,0.3793103448275862,0.059063136456211814,0.04572361706470708,0.033783783783783786,-,0.525974025974026,4.142857142857143,0.199697428139183,21.954545454545453,0.012987012987012988,8.185153317860086,0.07432432432432433,0.19594594594594594,1,154,10.58367117117117,1.0,-,-,0.01948051948051948,4.222072072072072
30 jun 2026,134,14.183644990231649,6.202428690774555,0,0,0.05970149253731343,0.23880597014925373,0.40298507462686567,41.38221393034826,0.42857142857142855,0.05054151624548736,0.03915015516829792,0.03731343283582089,-,0.6044776119402985,4.666666666666667,0.1714285714285714,23.932835820895523,0,7.688465210645662,0.05223880597014925,0.12686567164179105,1,134,9.460820895522389,1.0,-,-,0.022388059701492536,1.3063432835820896
29 jun 2026,187,17.234878240377064,5.193328163065005,0.020942408376963352,0,0.031413612565445025,0.28342245989304815,0.4385026737967914,62.93689839572192,0.31746031746031744,0.058333333333333334,0.04782608695652174,0.0374331550802139,-,0.35602094240837695,4,0.2014925373134328,27.172774869109947,0,6.851534247915827,0.0427807486631016,0.2192513368983957,1,191,11.151426024955436,1.0,-,-,0.020942408376963352,17.3144385026738
28 jun 2026,175,11.764238936296884,5.6507461840945,0.0223463687150838,0.00558659217877095,0.13966480446927373,0.21142857142857144,0.38285714285714284,42.36638095238095,0.3170731707317073,0.06914344685242518,0.062438253309622604,0.05142857142857143,-,0.5642458100558659,4.791666666666666,0.1748768472906404,28.508379888268156,0.00558659217877095,7.34653169444155,0.02857142857142857,0.13142857142857142,1,179,10.334761904761905,1.0,-,-,0.0111731843575419,3.701619047619047
27 jun 2026,179,11.72209026128266,5.736268674136322,0.02717391304347826,0.005434782608695652,0.043478260869565216,0.22346368715083798,0.30726256983240224,42.3048417132216,0.25,0.05435897435897436,0.044095245730778485,0.0446927374301676,0.0012345679012345679,0.6032608695652174,4.5,0.2317784256559766,26.043478260869566,0.005434782608695652,7.524880785647594,0.0111731843575419,0.13966480446927373,1,184,8.529422718808195,0.9982208178195832,-,-,0.016304347826086956,4.40195530726257
26 jun 2026,154,13.631039531478772,5.855212842712843,0.01910828025477707,0.006369426751592357,0.01910828025477707,0.2792207792207792,0.38311688311688313,44.634632034632034,0.25,0.04225352112676056,0.036555645816409424,0.032467532467532464,-,0.643312101910828,3.75,0.2216905901116427,21.305732484076433,0.006369426751592357,7.6889584621727485,0.025974025974025976,0.17532467532467533,1,157,8.698051948051948,1.0,-,-,0.012738853503184714,5.353463203463203
25 jun 2026,128,12.647212089630017,5.857377344877345,0.03759398496240601,0.007518796992481203,0.08270676691729323,0.234375,0.2734375,41.48645833333333,0.30952380952380953,0.06532663316582915,0.06628242074927954,0.0234375,-,0.5488721804511278,4.1,0.1750902527075812,19.32330827067669,0.007518796992481203,7.897436095650382,0.0390625,0.1796875,1,133,8.896614583333333,1.0000000000000002,-,-,0.007518796992481203,4.978515624999999
24 jun 2026,132,11.138613861386135,5.379500261643119,0.022222222222222223,0.007407407407407408,0.014814814814814815,0.24242424242424243,0.3333333333333333,42.305934343434345,0.1875,0.06477732793522267,0.06419363325440673,0.030303030303030304,-,0.5481481481481482,4.222222222222222,0.1769616026711185,18.103703703703705,0.007407407407407408,7.034406070120355,0.045454545454545456,0.16666666666666666,1,135,8.218560606060606,1.0000000000000002,-,-,0.022222222222222223,4.446212121212121
23 jun 2026,138,12.089219330855018,6.358150351294978,0.028169014084507043,0.007042253521126761,0.007042253521126761,0.2898550724637681,0.38405797101449274,46.72330917874396,0.3103448275862069,0.06265664160401002,0.05388272583201268,0.043478260869565216,-,0.5845070422535211,5,0.1844331641285956,19.345070422535212,0.007042253521126761,7.806259486987041,0.043478260869565216,0.2028985507246377,1,142,9.228743961352656,1.0,-,-,0,5.698671497584541
22 jun 2026,140,14.572271386430677,6.748437033052418,0.014084507042253521,0.007042253521126761,0.19014084507042253,0.3,0.36428571428571427,50.31547619047619,0.30434782608695654,0.07246376811594203,0.050664451827242524,0.07857142857142857,-,0.4295774647887324,4.6,0.1896551724137931,22.97887323943662,0.007042253521126761,8.521631680285527,0.02857142857142857,0.21428571428571427,1,142,10.007023809523808,1.0000000000000002,-,-,0.007042253521126761,9.622976190476193
21 jun 2026,196,14.594272076372317,5.573831782757109,0.07109004739336493,0.023696682464454975,0.2559241706161137,0.3469387755102041,0.6683673469387755,64.99931972789115,0.3050847457627119,0.07692307692307693,0.07170205360250609,0.04081632653061224,0.007407407407407408,0.3459715639810427,3.833333333333333,0.1654545454545454,31.27962085308057,0.023696682464454975,6.993295481328022,0.03571428571428571,0.22448979591836735,1,211,11.01734693877551,0.992239467849224,-,-,0.014218009478672985,21.13707482993197
20 jun 2026,147,10.49580167932827,5.074274051307544,0.10909090909090909,0.04242424242424243,-,0.20408163265306123,0.38095238095238093,45.978684807256236,0.18518518518518517,0.06279069767441861,0.05051871898962562,0.027210884353741496,0.23580246913580247,0.5878787878787879,4.083333333333333,0.1808917197452229,23.181818181818183,0.03636363636363636,6.970174681777554,0.04081632653061224,0.10204081632653061,1,165,9.598639455782314,0.6304128647065449,-,-,0,3.872222222222222
19 jun 2026,151,11.609538002980626,4.739783868092691,0.050314465408805034,0.03773584905660377,0.050314465408805034,0.31125827814569534,0.3708609271523179,48.19249448123621,0.14705882352941177,0.07581699346405228,0.11635670004768717,0.059602649006622516,-,0.5534591194968553,5,0.1847988077496274,18.534591194968552,0.03773584905660377,6.416292653425006,0.039735099337748346,0.2119205298013245,0.96,159,9.333112582781457,1.0,-,-,0.006289308176100629,4.747902869757174
18 jun 2026,126,12.726263187118269,6.225504236782433,0.007874015748031496,0.007874015748031496,0.06299212598425197,0.21428571428571427,0.3253968253968254,40.147883597883606,0.45454545454545453,0.03306878306878307,0.019387755102040816,0.05555555555555555,-,0.6929133858267716,4.642857142857143,0.1505216095380029,17.251968503937007,0,8.118472045915656,0.031746031746031744,0.10317460317460317,1,127,7.956216931216931,1.0,-,-,0.015748031496062992,3.3322751322751327
17 jun 2026,133,10.410423452768727,5.76062925170068,0.022058823529411766,0.014705882352941176,0.007352941176470588,0.2631578947368421,0.3383458646616541,39.02456140350877,0.17647058823529413,0.054707379134860054,0.08,0.03007518796992481,-,0.625,4.833333333333333,0.1541609822646657,17.125,0.007352941176470588,7.434651360544217,0.06015037593984962,0.13533834586466165,1,136,9.715538847117797,1.0,-,-,0,1.2796992481203007
16 jun 2026,141,13.778705636743217,6.359495464852608,0.007042253521126761,0,0.04225352112676056,0.24822695035460993,0.475177304964539,41.60555555555555,0.30434782608695654,0.03329506314580941,0.0278503046127067,0.07801418439716312,-,0.6267605633802817,3.8,0.151639344262295,18.971830985915492,0,8.383884766027624,0.04964539007092199,0.1702127659574468,1,142,9.97174940898345,1.0,-,-,0.028169014084507043,2.408747044917258
15 jun 2026,127,12.103218645948946,6.187913475413476,0.023076923076923078,0,0.13076923076923078,0.2204724409448819,0.4566929133858268,40.545275590551185,0.15,0.05662805662805663,0.04424778761061947,0.06299212598425197,-,0.5846153846153846,3.857142857142857,0.166412213740458,19.5,0,8.334799129441986,0.07086614173228346,0.11023622047244094,0.9333333333333333,130,10.809448818897637,1.0,-,-,0.015384615384615385,3.658530183727034
14 jun 2026,190,30.74448529411765,5.797954822954823,0.005235602094240838,0.005235602094240838,0.05235602094240838,0.17894736842105263,0.37894736842105264,41.44429824561403,0.5833333333333334,0.048534798534798536,0.03149029659465397,0.042105263157894736,-,0.6387434554973822,4.55,0.18562874251497,22.80628272251309,0.005235602094240838,7.207692307692307,0.021052631578947368,0.09473684210526316,1,191,10.119649122807017,1.0,-,-,0.010471204188481676,2.790350877192983
13 jun 2026,154,22.64569842738205,4.962224447974031,0.02531645569620253,0.006329113924050633,0.012658227848101266,0.2077922077922078,0.33116883116883117,37.24848484848485,0.35294117647058826,0.05328376703841388,0.050049067713444556,0.03896103896103896,-,0.6455696202531646,5,0.1775956284153005,17.848101265822784,0.006329113924050633,6.371223517954882,0.05194805194805195,0.11038961038961038,1,158,9.13430735930736,1.0,-,-,0.0189873417721519,0.36028138528138526
12 jun 2026,124,17.88679245283019,4.802627927627928,0.046153846153846156,0.015384615384615385,0.023076923076923078,0.25806451612903225,0.3225806451612903,35.323790322580635,0.38461538461538464,0.04669887278582931,0.04302325581395349,0.06451612903225806,-,0.6692307692307692,3.75,0.1690821256038647,15.146153846153846,0.015384615384615385,6.8263403263403255,0.08064516129032258,0.16129032258064516,1,130,8.179032258064515,1.0,-,-,0.007692307692307693,0.5297043010752689
11 jun 2026,115,26.44007155635063,5.919122330660792,0.025423728813559324,0,0.025423728813559324,0.26956521739130435,0.40869565217391307,43.56884057971014,0.40540540540540543,0.060689655172413794,0.028325402220711532,0.043478260869565216,-,0.559322033898305,3.8333333333333335,0.1809701492537313,18.652542372881356,0,7.208183056259979,0.07894736842105263,0.1391304347826087,1,118,9.472953216374268,1.0000000000000002,-,-,0.00847457627118644,4.127339181286549
10 jun 2026,105,23.18181818181818,5.897985347985348,0.009433962264150943,0,-,0.2761904761904762,0.4666666666666667,39.599206349206355,0.2222222222222222,0.0421875,0.034278959810874705,0.02857142857142857,0.03945578231292517,0.6509433962264151,4.5,0.1748971193415638,18.00943396226415,0,7.767155067155067,0.01904761904761905,0.13333333333333333,1,106,7.6334920634920636,0.9502111627624344,-,-,0,5.287460317460318
9 jun 2026,108,31.0617626648161,5.933627483627483,0.05263157894736842,0.03508771929824561,0.017543859649122806,0.2962962962962963,0.37037037037037035,45.166358024691355,0.25,0.059782608695652176,0.058592728223907924,0.027777777777777776,-,0.543859649122807,4.666666666666667,0.1596330275229358,18.92105263157895,0.02631578947368421,7.773090798090798,0.07407407407407407,0.2222222222222222,0.9473684210526315,114,9.102314814814816,1.0,-,-,0.008771929824561403,7.492746913580247
8 jun 2026,118,22.250351617440227,6.116980455441994,0.024793388429752067,0.01652892561983471,0.01652892561983471,0.2796610169491525,0.5084745762711864,46.6114406779661,0.47368421052631576,0.04725415070242656,0.0348605577689243,0.03389830508474576,0.03945578231292517,0.5702479338842975,4.125,0.1661016949152542,19.90909090909091,0.008264462809917356,7.960366129596898,0.00847457627118644,0.1864406779661017,1,121,9.350564971751414,0.9226470741087206,-,-,0.024793388429752067,6.77867231638418
7 jun 2026,135,23.462603878116344,5.8630802669045,0.02877697841726619,0.007194244604316547,0.014388489208633094,0.2962962962962963,0.5111111111111111,45.45333333333334,0.34285714285714286,0.04425837320574163,0.02682701202590194,0.06666666666666667,0.16326530612244897,0.6115107913669064,3.857142857142857,0.1560468140442132,21.467625899280577,0,7.674211689895618,0.044444444444444446,0.18518518518518517,0.9545454545454546,139,10.031975308641975,0.9349466109563602,-,-,0.007194244604316547,5.278641975308642
6 jun 2026,127,22.496545370796863,6.220394774071245,0.023076923076923078,0.007692307692307693,0.046153846153846156,0.4566929133858268,0.6614173228346457,54.86548556430447,0.23333333333333334,0.05816831683168317,0.05987135081642751,0.03937007874015748,-,0.4846153846153846,4.488888888888889,0.1450777202072538,22.49230769230769,0.007692307692307693,8.015239227003933,0.05511811023622047,0.28346456692913385,1,130,10.203674540682414,1.0,-,-,0.038461538461538464,12.549999999999999
5 jun 2026,149,27.11058263971463,4.583192448577064,0.026143790849673203,0.006535947712418301,0.0196078431372549,0.3422818791946309,0.5302013422818792,53.724272930648766,0.25925925925925924,0.05186170212765957,0.06041322751322751,0.08053691275167785,-,0.48366013071895425,4.111111111111111,0.183206106870229,21.908496732026144,0.006535947712418301,5.900334601296141,0.053691275167785234,0.2483221476510067,1,153,10.155257270693513,1.0,-,-,0.026143790849673203,11.175950782997763
4 jun 2026,113,18.02148612354521,5.53138293330601,0.02586206896551724,0.008620689655172414,-,0.35398230088495575,0.504424778761062,46.617109144542766,0.16666666666666666,0.044977511244377814,0.045636052481460354,0.02654867256637168,-,0.5948275862068966,3.7142857142857144,0.1672727272727272,18.629310344827587,0,7.263706592552746,0.061946902654867256,0.21238938053097345,1,116,8.88141592920354,1.0,-,-,0.02586206896551724,8.67315634218289
3 jun 2026,96,21.459074733096084,5.719892927585235,0.058823529411764705,0.049019607843137254,0.0784313725490196,0.4270833333333333,0.4895833333333333,49.51909722222222,0.45454545454545453,0.05414551607445008,0.05034690243752686,0.052083333333333336,-,0.5196078431372549,4.3,0.1480804387568556,18,0.0392156862745098,8.037045646661031,0.08333333333333333,0.2708333333333333,1,102,11.094791666666667,1.0,-,-,0.029411764705882353,9.001909722222221
2 jun 2026,94,27.312834224598927,6.255042411292412,0.12149532710280374,0.009345794392523364,0.037383177570093455,0.8829787234042553,0.2978723404255319,121.94964539007091,0.125,0.041604754829123326,0.045205479452054796,0.031914893617021274,0.0027210884353741495,0.07476635514018691,4.5,0.1540880503144654,32.76635514018692,0.009345794392523364,8.261331261331263,0.1276595744680851,0.851063829787234,1,107,17.798936170212766,0.9971845233077636,-,-,0.028037383177570093,68.08368794326242
1 jun 2026,109,23.2,7.14221579702349,0.043859649122807015,0.008771929824561403,0.008771929824561403,0.48623853211009177,0.46788990825688076,66.85581039755353,0.3055555555555556,0.05690072639225181,0.05128695818581955,0.05504587155963303,-,0.3508771929824561,3.142857142857143,0.1676413255360623,25.67543859649123,0.008771929824561403,9.148029854760624,0.10091743119266056,0.4036697247706422,1,114,12.418654434250765,1.0,-,-,0.017543859649122806,16.52691131498471
